first_name,last_name,nickname,gender
Katrina,Hilario,Kate,F
Adrian,Aquino,Akeem,M
Miles,Ong,Miles,M
Tricia,Reyes,Tricia,F
Hans,Leynes,Hans,M
Jose Ramon,Ilagan,Joe,M
Louis,Ricohermoso,Louis,M
Xerez,Hernandez,Xerez,F